Workbook

Sheet RunTime1
A1: Dataset | B1: Samples | C1: Chromosomes | D1: Mode | E1: cpu_t1_time | F1: cpu_t2_time | G1: gpu_dev0_t1_time | H1: gpu_dev0_t2_time | I1: Notes
A2: tiny | B2: 4 | C2: 3 | D2: cpu+gpu | E2: 2s 939ms | F2: 2s 845ms | G2: 3s 99ms | H2: 4s 342ms | I2: Success
A3: small | B3: 8 | C3: 6 | D3: cpu+gpu | E3: 4s 602ms | F3: 7s 446ms | G3: 4s 463ms | H3: 5s 669ms | I3: Success
A4: medium | B4: 50 | C4: 6 | D4: cpu+gpu | E4: 10s 759ms | F4: 10s 248ms | G4: 13s 212ms | H4: 10s 368ms | I4: Success
A5: larger | B5: 100 | C5: 10 | D5: cpu+gpu | E5: 33s 13ms | F5: 34s 711ms | G5: 28s 199ms | H5: 31s 602ms | I5: Success
A6: ploidy_edge | B6: 4 | C6: 4 | D6: cpu+gpu | E6: 31s 854ms | F6: 29s 940ms | G6: 23s 972ms | H6: 22s 108ms | I6: Success

Sheet RunTime2
A1: Dataset | B1: Samples | C1: Chromosomes | D1: Mode | E1: cpu_t1_time | F1: cpu_t2_time | G1: gpu_dev0_t1_time | H1: gpu_dev0_t2_time | I1: Notes
A2: tiny | B2: 4 | C2: 3 | D2: cpu+gpu | E2: 3s 969ms | F2: 2s 567ms | G2: 2s 668ms | H2: 2s 616ms | I2: Success
A3: small | B3: 8 | C3: 6 | D3: cpu+gpu | E3: 4s 675ms | F3: 6s 84ms | G3: 4s 334ms | H3: 5s 224ms | I3: Success
A4: medium | B4: 50 | C4: 6 | D4: cpu+gpu | E4: 8s 987ms | F4: 10s 379ms | G4: 10s 357ms | H4: 9s 935ms | I4: Success
A5: larger | B5: 100 | C5: 10 | D5: cpu+gpu | E5: 31s 105ms | F5: 33s 670ms | G5: 26s 930ms | H5: 31s 488ms | I5: Success
A6: ploidy_edge | B6: 4 | C6: 4 | D6: cpu+gpu | E6: 30s 573ms | F6: 31s 67ms | G6: 22s 9ms | H6: 23s 323ms | I6: Success

Sheet RunTime3
A1: Dataset | B1: Samples | C1: Chromosomes | D1: Mode | E1: cpu_t1_time | F1: cpu_t2_time | G1: gpu_dev0_t1_time | H1: gpu_dev0_t2_time | I1: Notes
A2: tiny | B2: 4 | C2: 3 | D2: cpu+gpu | E2: 3s 427ms | F2: 4s 574ms | G2: 2s 718ms | H2: 2s 661ms | I2: Success
A3: small | B3: 8 | C3: 6 | D3: cpu+gpu | E3: 4s 520ms | F3: 6s 93ms | G3: 4s 254ms | H3: 5s 426ms | I3: Success
A4: medium | B4: 50 | C4: 6 | D4: cpu+gpu | E4: 11s 686ms | F4: 12s 72ms | G4: 10s 126ms | H4: 12s 365ms | I4: Success
A5: larger | B5: 100 | C5: 10 | D5: cpu+gpu | E5: 35s 533ms | F5: 33s 134ms | G5: 25s 850ms | H5: 39s 342ms | I5: Success
A6: ploidy_edge | B6: 4 | C6: 4 | D6: cpu+gpu | E6: 30s 938ms | F6: 30s 447ms | G6: 22s 47ms | H6: 21s 879ms | I6: Success

Sheet RunTime4
A1: Dataset | B1: Samples | C1: Chromosomes | D1: Mode | E1: cpu_t1_time | F1: cpu_t2_time | G1: gpu_dev0_t1_time | H1: gpu_dev0_t2_time | I1: Notes
A2: tiny | B2: 4 | C2: 3 | D2: cpu+gpu | E2: 3s 495ms | F2: 4s 7ms | G2: 3s 816ms | H2: 2s 717ms | I2: Success
A3: small | B3: 8 | C3: 6 | D3: cpu+gpu | E3: 4s 573ms | F3: 4s 603ms | G3: 4s 755ms | H3: 5s 308ms | I3: Success
A4: medium | B4: 50 | C4: 6 | D4: cpu+gpu | E4: 10s 333ms | F4: 12s 186ms | G4: 8s 934ms | H4: 9s 919ms | I4: Success
A5: larger | B5: 100 | C5: 10 | D5: cpu+gpu | E5: 29s 893ms | F5: 29s 125ms | G5: 37s 724ms | H5: 29s 273ms | I5: Success
A6: ploidy_edge | B6: 4 | C6: 4 | D6: cpu+gpu | E6: 30s 575ms | F6: 30s 796ms | G6: 22s 80ms | H6: 21s 549ms | I6: Success

Sheet Combined
A1: Dataset | B1: Samples | C1: Chromosomes | D1: Mode | E1: cpu_t1_time | F1: cpu_t2_time | G1: gpu_dev0_t1_time | H1: gpu_dev0_t2_time | I1: cpu_t2 vs cpu_t1 | J1: speedup_gpu_t2_vs_cpu_t2 | K1: speedup_gpu_t1_vs_cpu_t1 | L1: speedup_gpu_t1_vs_cpu_t2 | M1: speedup_gpu_t2_vs_cpu_t1 | N1: Notes
A2: tiny | B2: 4 | C2: 3 | D2: cpu+gpu | E2: =TEXT(AVERAGE(ParseTime(RunTime1!E2),ParseTime(RunTime2!E2),ParseTime(RunTime3!E2),ParseTime(RunTime4!E2))/86400,"mm""m ""ss.00""s""") & " ± " & TEXT(_xlfn.STDEV.S(ParseTime(RunTime1!E2),ParseTime(RunTime2!E2),ParseTime(RunTime3!E2),ParseTime(RunTime4!E2))/86400,"mm""m ""ss.00""s""") -> 00m 03.46s ± 00m 00.42s | F2: =TEXT(AVERAGE(ParseTime(RunTime1!F2),ParseTime(RunTime2!F2),ParseTime(RunTime3!F2),ParseTime(RunTime4!F2))/86400,"mm""m ""ss.00""s""") & " ± " & TEXT(_xlfn.STDEV.S(ParseTime(RunTime1!F2),ParseTime(RunTime2!F2),ParseTime(RunTime3!F2),ParseTime(RunTime4!F2))/86400,"mm""m ""ss.00""s""") -> 00m 03.50s ± 00m 00.95s | G2: =TEXT(AVERAGE(ParseTime(RunTime1!G2),ParseTime(RunTime2!G2),ParseTime(RunTime3!G2),ParseTime(RunTime4!G2))/86400,"mm""m ""ss.00""s""") & " ± " & TEXT(_xlfn.STDEV.S(ParseTime(RunTime1!G2),ParseTime(RunTime2!G2),ParseTime(RunTime3!G2),ParseTime(RunTime4!G2))/86400,"mm""m ""ss.00""s""") -> 00m 03.08s ± 00m 00.53s | H2: =TEXT(AVERAGE(ParseTime(RunTime1!H2),ParseTime(RunTime2!H2),ParseTime(RunTime3!H2),ParseTime(RunTime4!H2))/86400,"mm""m ""ss.00""s""") & " ± " & TEXT(_xlfn.STDEV.S(ParseTime(RunTime1!H2),ParseTime(RunTime2!H2),ParseTime(RunTime3!H2),ParseTime(RunTime4!H2))/86400,"mm""m ""ss.00""s""") -> 00m 03.08s ± 00m 00.84s | I2: =AVERAGE(ParseTime(RunTime1!E2),ParseTime(RunTime2!E2),ParseTime(RunTime3!E2),ParseTime(RunTime4!E2))/AVERAGE(ParseTime(RunTime1!F2),ParseTime(RunTime2!F2),ParseTime(RunTime3!F2),ParseTime(RunTime4!F2)) -> 0.98835132 | J2: =AVERAGE(ParseTime(RunTime1!F2),ParseTime(RunTime2!F2),ParseTime(RunTime3!F2),ParseTime(RunTime4!F2))/AVERAGE(ParseTime(RunTime1!H2),ParseTime(RunTime2!H2),ParseTime(RunTime3!H2),ParseTime(RunTime4!H2)) -> 1.1343223 | K2: =AVERAGE(ParseTime(RunTime1!E2),ParseTime(RunTime2!E2),ParseTime(RunTime3!E2),ParseTime(RunTime4!E2))/AVERAGE(ParseTime(RunTime1!G2),ParseTime(RunTime2!G2),ParseTime(RunTime3!G2),ParseTime(RunTime4!G2)) -> 1.1242988 | L2: =AVERAGE(ParseTime(RunTime1!F2),ParseTime(RunTime2!F2),ParseTime(RunTime3!F2),ParseTime(RunTime4!F2))/AVERAGE(ParseTime(RunTime1!G2),ParseTime(RunTime2!G2),ParseTime(RunTime3!G2),ParseTime(RunTime4!G2)) -> 1.1375498 | M2: =AVERAGE(ParseTime(RunTime1!E2),ParseTime(RunTime2!E2),ParseTime(RunTime3!E2),ParseTime(RunTime4!E2))/AVERAGE(ParseTime(RunTime1!H2),ParseTime(RunTime2!H2),ParseTime(RunTime3!H2),ParseTime(RunTime4!H2)) -> 1.1211089 | N2: Success
A3: small | B3: 8 | C3: 6 | D3: cpu+gpu | E3: =TEXT(AVERAGE(ParseTime(RunTime1!E3),ParseTime(RunTime2!E3),ParseTime(RunTime3!E3),ParseTime(RunTime4!E3))/86400,"mm""m ""ss.00""s""") & " ± " & TEXT(_xlfn.STDEV.S(ParseTime(RunTime1!E3),ParseTime(RunTime2!E3),ParseTime(RunTime3!E3),ParseTime(RunTime4!E3))/86400,"mm""m ""ss.00""s""") -> 00m 04.59s ± 00m 00.06s | F3: =TEXT(AVERAGE(ParseTime(RunTime1!F3),ParseTime(RunTime2!F3),ParseTime(RunTime3!F3),ParseTime(RunTime4!F3))/86400,"mm""m ""ss.00""s""") & " ± " & TEXT(_xlfn.STDEV.S(ParseTime(RunTime1!F3),ParseTime(RunTime2!F3),ParseTime(RunTime3!F3),ParseTime(RunTime4!F3))/86400,"mm""m ""ss.00""s""") -> 00m 06.06s ± 00m 01.16s | G3: =TEXT(AVERAGE(ParseTime(RunTime1!G3),ParseTime(RunTime2!G3),ParseTime(RunTime3!G3),ParseTime(RunTime4!G3))/86400,"mm""m ""ss.00""s""") & " ± " & TEXT(_xlfn.STDEV.S(ParseTime(RunTime1!G3),ParseTime(RunTime2!G3),ParseTime(RunTime3!G3),ParseTime(RunTime4!G3))/86400,"mm""m ""ss.00""s""") -> 00m 04.45s ± 00m 00.22s | H3: =TEXT(AVERAGE(ParseTime(RunTime1!H3),ParseTime(RunTime2!H3),ParseTime(RunTime3!H3),ParseTime(RunTime4!H3))/86400,"mm""m ""ss.00""s""") & " ± " & TEXT(_xlfn.STDEV.S(ParseTime(RunTime1!H3),ParseTime(RunTime2!H3),ParseTime(RunTime3!H3),ParseTime(RunTime4!H3))/86400,"mm""m ""ss.00""s""") -> 00m 05.41s ± 00m 00.19s | I3: =AVERAGE(ParseTime(RunTime1!E3),ParseTime(RunTime2!E3),ParseTime(RunTime3!E3),ParseTime(RunTime4!E3))/AVERAGE(ParseTime(RunTime1!F3),ParseTime(RunTime2!F3),ParseTime(RunTime3!F3),ParseTime(RunTime4!F3)) -> 0.75827623 | J3: =AVERAGE(ParseTime(RunTime1!F3),ParseTime(RunTime2!F3),ParseTime(RunTime3!F3),ParseTime(RunTime4!F3))/AVERAGE(ParseTime(RunTime1!H3),ParseTime(RunTime2!H3),ParseTime(RunTime3!H3),ParseTime(RunTime4!H3)) -> 1.1201739 | K3: =AVERAGE(ParseTime(RunTime1!E3),ParseTime(RunTime2!E3),ParseTime(RunTime3!E3),ParseTime(RunTime4!E3))/AVERAGE(ParseTime(RunTime1!G3),ParseTime(RunTime2!G3),ParseTime(RunTime3!G3),ParseTime(RunTime4!G3)) -> 1.0316747 | L3: =AVERAGE(ParseTime(RunTime1!F3),ParseTime(RunTime2!F3),ParseTime(RunTime3!F3),ParseTime(RunTime4!F3))/AVERAGE(ParseTime(RunTime1!G3),ParseTime(RunTime2!G3),ParseTime(RunTime3!G3),ParseTime(RunTime4!G3)) -> 1.3605526 | M3: =AVERAGE(ParseTime(RunTime1!E3),ParseTime(RunTime2!E3),ParseTime(RunTime3!E3),ParseTime(RunTime4!E3))/AVERAGE(ParseTime(RunTime1!H3),ParseTime(RunTime2!H3),ParseTime(RunTime3!H3),ParseTime(RunTime4!H3)) -> 0.84940121 | N3: Success
A4: medium | B4: 50 | C4: 6 | D4: cpu+gpu | E4: =TEXT(AVERAGE(ParseTime(RunTime1!E4),ParseTime(RunTime2!E4),ParseTime(RunTime3!E4),ParseTime(RunTime4!E4))/86400,"mm""m ""ss.00""s""") & " ± " & TEXT(_xlfn.STDEV.S(ParseTime(RunTime1!E4),ParseTime(RunTime2!E4),ParseTime(RunTime3!E4),ParseTime(RunTime4!E4))/86400,"mm""m ""ss.00""s""") -> 00m 10.44s ± 00m 01.12s | F4: =TEXT(AVERAGE(ParseTime(RunTime1!F4),ParseTime(RunTime2!F4),ParseTime(RunTime3!F4),ParseTime(RunTime4!F4))/86400,"mm""m ""ss.00""s""") & " ± " & TEXT(_xlfn.STDEV.S(ParseTime(RunTime1!F4),ParseTime(RunTime2!F4),ParseTime(RunTime3!F4),ParseTime(RunTime4!F4))/86400,"mm""m ""ss.00""s""") -> 00m 11.22s ± 00m 01.05s | G4: =TEXT(AVERAGE(ParseTime(RunTime1!G4),ParseTime(RunTime2!G4),ParseTime(RunTime3!G4),ParseTime(RunTime4!G4))/86400,"mm""m ""ss.00""s""") & " ± " & TEXT(_xlfn.STDEV.S(ParseTime(RunTime1!G4),ParseTime(RunTime2!G4),ParseTime(RunTime3!G4),ParseTime(RunTime4!G4))/86400,"mm""m ""ss.00""s""") -> 00m 10.66s ± 00m 01.81s | H4: =TEXT(AVERAGE(ParseTime(RunTime1!H4),ParseTime(RunTime2!H4),ParseTime(RunTime3!H4),ParseTime(RunTime4!H4))/86400,"mm""m ""ss.00""s""") & " ± " & TEXT(_xlfn.STDEV.S(ParseTime(RunTime1!H4),ParseTime(RunTime2!H4),ParseTime(RunTime3!H4),ParseTime(RunTime4!H4))/86400,"mm""m ""ss.00""s""") -> 00m 10.65s ± 00m 01.16s | I4: =AVERAGE(ParseTime(RunTime1!E4),ParseTime(RunTime2!E4),ParseTime(RunTime3!E4),ParseTime(RunTime4!E4))/AVERAGE(ParseTime(RunTime1!F4),ParseTime(RunTime2!F4),ParseTime(RunTime3!F4),ParseTime(RunTime4!F4)) -> 0.93048903 | J4: =AVERAGE(ParseTime(RunTime1!F4),ParseTime(RunTime2!F4),ParseTime(RunTime3!F4),ParseTime(RunTime4!F4))/AVERAGE(ParseTime(RunTime1!H4),ParseTime(RunTime2!H4),ParseTime(RunTime3!H4),ParseTime(RunTime4!H4)) -> 1.0539601 | K4: =AVERAGE(ParseTime(RunTime1!E4),ParseTime(RunTime2!E4),ParseTime(RunTime3!E4),ParseTime(RunTime4!E4))/AVERAGE(ParseTime(RunTime1!G4),ParseTime(RunTime2!G4),ParseTime(RunTime3!G4),ParseTime(RunTime4!G4)) -> 0.97973211 | L4: =AVERAGE(ParseTime(RunTime1!F4),ParseTime(RunTime2!F4),ParseTime(RunTime3!F4),ParseTime(RunTime4!F4))/AVERAGE(ParseTime(RunTime1!G4),ParseTime(RunTime2!G4),ParseTime(RunTime3!G4),ParseTime(RunTime4!G4)) -> 1.0529217 | M4: =AVERAGE(ParseTime(RunTime1!E4),ParseTime(RunTime2!E4),ParseTime(RunTime3!E4),ParseTime(RunTime4!E4))/AVERAGE(ParseTime(RunTime1!H4),ParseTime(RunTime2!H4),ParseTime(RunTime3!H4),ParseTime(RunTime4!H4)) -> 0.98069834 | N4: Success
A5: larger | B5: 100 | C5: 10 | D5: cpu+gpu | E5: =TEXT(AVERAGE(ParseTime(RunTime1!E5),ParseTime(RunTime2!E5),ParseTime(RunTime3!E5),ParseTime(RunTime4!E5))/86400,"mm""m ""ss.00""s""") & " ± " & TEXT(_xlfn.STDEV.S(ParseTime(RunTime1!E5),ParseTime(RunTime2!E5),ParseTime(RunTime3!E5),ParseTime(RunTime4!E5))/86400,"mm""m ""ss.00""s""") -> 00m 32.39s ± 00m 02.46s | F5: =TEXT(AVERAGE(ParseTime(RunTime1!F5),ParseTime(RunTime2!F5),ParseTime(RunTime3!F5),ParseTime(RunTime4!F5))/86400,"mm""m ""ss.00""s""") & " ± " & TEXT(_xlfn.STDEV.S(ParseTime(RunTime1!F5),ParseTime(RunTime2!F5),ParseTime(RunTime3!F5),ParseTime(RunTime4!F5))/86400,"mm""m ""ss.00""s""") -> 00m 32.66s ± 00m 02.45s | G5: =TEXT(AVERAGE(ParseTime(RunTime1!G5),ParseTime(RunTime2!G5),ParseTime(RunTime3!G5),ParseTime(RunTime4!G5))/86400,"mm""m ""ss.00""s""") & " ± " & TEXT(_xlfn.STDEV.S(ParseTime(RunTime1!G5),ParseTime(RunTime2!G5),ParseTime(RunTime3!G5),ParseTime(RunTime4!G5))/86400,"mm""m ""ss.00""s""") -> 00m 29.68s ± 00m 05.45s | H5: =TEXT(AVERAGE(ParseTime(RunTime1!H5),ParseTime(RunTime2!H5),ParseTime(RunTime3!H5),ParseTime(RunTime4!H5))/86400,"mm""m ""ss.00""s""") & " ± " & TEXT(_xlfn.STDEV.S(ParseTime(RunTime1!H5),ParseTime(RunTime2!H5),ParseTime(RunTime3!H5),ParseTime(RunTime4!H5))/86400,"mm""m ""ss.00""s""") -> 00m 32.93s ± 00m 04.41s | I5: =AVERAGE(ParseTime(RunTime1!E5),ParseTime(RunTime2!E5),ParseTime(RunTime3!E5),ParseTime(RunTime4!E5))/AVERAGE(ParseTime(RunTime1!F5),ParseTime(RunTime2!F5),ParseTime(RunTime3!F5),ParseTime(RunTime4!F5)) -> 0.99161053 | J5: =AVERAGE(ParseTime(RunTime1!F5),ParseTime(RunTime2!F5),ParseTime(RunTime3!F5),ParseTime(RunTime4!F5))/AVERAGE(ParseTime(RunTime1!H5),ParseTime(RunTime2!H5),ParseTime(RunTime3!H5),ParseTime(RunTime4!H5)) -> 0.99191375 | K5: =AVERAGE(ParseTime(RunTime1!E5),ParseTime(RunTime2!E5),ParseTime(RunTime3!E5),ParseTime(RunTime4!E5))/AVERAGE(ParseTime(RunTime1!G5),ParseTime(RunTime2!G5),ParseTime(RunTime3!G5),ParseTime(RunTime4!G5)) -> 1.0913288 | L5: =AVERAGE(ParseTime(RunTime1!F5),ParseTime(RunTime2!F5),ParseTime(RunTime3!F5),ParseTime(RunTime4!F5))/AVERAGE(ParseTime(RunTime1!G5),ParseTime(RunTime2!G5),ParseTime(RunTime3!G5),ParseTime(RunTime4!G5)) -> 1.1005619 | M5: =AVERAGE(ParseTime(RunTime1!E5),ParseTime(RunTime2!E5),ParseTime(RunTime3!E5),ParseTime(RunTime4!E5))/AVERAGE(ParseTime(RunTime1!H5),ParseTime(RunTime2!H5),ParseTime(RunTime3!H5),ParseTime(RunTime4!H5)) -> 0.98359212 | N5: Success
A6: ploidy_edge | B6: 4 | C6: 4 | D6: cpu+gpu | E6: =TEXT(AVERAGE(ParseTime(RunTime1!E6),ParseTime(RunTime2!E6),ParseTime(RunTime3!E6),ParseTime(RunTime4!E6))/86400,"mm""m ""ss.00""s""") & " ± " & TEXT(_xlfn.STDEV.S(ParseTime(RunTime1!E6),ParseTime(RunTime2!E6),ParseTime(RunTime3!E6),ParseTime(RunTime4!E6))/86400,"mm""m ""ss.00""s""") -> 00m 30.98s ± 00m 00.60s | F6: =TEXT(AVERAGE(ParseTime(RunTime1!F6),ParseTime(RunTime2!F6),ParseTime(RunTime3!F6),ParseTime(RunTime4!F6))/86400,"mm""m ""ss.00""s""") & " ± " & TEXT(_xlfn.STDEV.S(ParseTime(RunTime1!F6),ParseTime(RunTime2!F6),ParseTime(RunTime3!F6),ParseTime(RunTime4!F6))/86400,"mm""m ""ss.00""s""") -> 00m 30.56s ± 00m 00.49s | G6: =TEXT(AVERAGE(ParseTime(RunTime1!G6),ParseTime(RunTime2!G6),ParseTime(RunTime3!G6),ParseTime(RunTime4!G6))/86400,"mm""m ""ss.00""s""") & " ± " & TEXT(_xlfn.STDEV.S(ParseTime(RunTime1!G6),ParseTime(RunTime2!G6),ParseTime(RunTime3!G6),ParseTime(RunTime4!G6))/86400,"mm""m ""ss.00""s""") -> 00m 22.53s ± 00m 00.96s | H6: =TEXT(AVERAGE(ParseTime(RunTime1!H6),ParseTime(RunTime2!H6),ParseTime(RunTime3!H6),ParseTime(RunTime4!H6))/86400,"mm""m ""ss.00""s""") & " ± " & TEXT(_xlfn.STDEV.S(ParseTime(RunTime1!H6),ParseTime(RunTime2!H6),ParseTime(RunTime3!H6),ParseTime(RunTime4!H6))/86400,"mm""m ""ss.00""s""") -> 00m 22.21s ± 00m 00.77s | I6: =AVERAGE(ParseTime(RunTime1!E6),ParseTime(RunTime2!E6),ParseTime(RunTime3!E6),ParseTime(RunTime4!E6))/AVERAGE(ParseTime(RunTime1!F6),ParseTime(RunTime2!F6),ParseTime(RunTime3!F6),ParseTime(RunTime4!F6)) -> 1.0138241 | J6: =AVERAGE(ParseTime(RunTime1!F6),ParseTime(RunTime2!F6),ParseTime(RunTime3!F6),ParseTime(RunTime4!F6))/AVERAGE(ParseTime(RunTime1!H6),ParseTime(RunTime2!H6),ParseTime(RunTime3!H6),ParseTime(RunTime4!H6)) -> 1.3757751 | K6: =AVERAGE(ParseTime(RunTime1!E6),ParseTime(RunTime2!E6),ParseTime(RunTime3!E6),ParseTime(RunTime4!E6))/AVERAGE(ParseTime(RunTime1!G6),ParseTime(RunTime2!G6),ParseTime(RunTime3!G6),ParseTime(RunTime4!G6)) -> 1.3754606 | L6: =AVERAGE(ParseTime(RunTime1!F6),ParseTime(RunTime2!F6),ParseTime(RunTime3!F6),ParseTime(RunTime4!F6))/AVERAGE(ParseTime(RunTime1!G6),ParseTime(RunTime2!G6),ParseTime(RunTime3!G6),ParseTime(RunTime4!G6)) -> 1.3567053 | M6: =AVERAGE(ParseTime(RunTime1!E6),ParseTime(RunTime2!E6),ParseTime(RunTime3!E6),ParseTime(RunTime4!E6))/AVERAGE(ParseTime(RunTime1!H6),ParseTime(RunTime2!H6),ParseTime(RunTime3!H6),ParseTime(RunTime4!H6)) -> 1.394794 | N6: Success
