Workbook

Sheet RunTime1
A1: Chromosome | B1: Samples | C1: Mode | D1: Extraction_Time | E1: cpu_t1_time | F1: cpu_t2_time | G1: gpu_dev0_t1_time | H1: gpu_dev0_t2_time | I1: Notes
A2: chr22 | B2: 10 | C2: cpu+gpu | D2: 3m 37s 885ms | E2: 28s 446ms | F2: 26s 439ms | G2: 22s 673ms | H2: 20s 84ms | I2: Success
A3: chr22 | B3: 20 | C3: cpu+gpu | D3: 3m 42s 332ms | E3: 43s 516ms | F3: 37s 922ms | G3: 30s 99ms | H3: 29s 809ms | I3: Success
A4: chr22 | B4: 50 | C4: cpu+gpu | D4: 3m 44s 712ms | E4: 1m 14s 995ms | F4: 1m 17s 618ms | G4: 1m 4s 260ms | H4: 1m 2s 354ms | I4: Success
A5: chr22 | B5: 100 | C5: cpu+gpu | D5: 3m 53s 911ms | E5: 3m 17s 682ms | F5: 2m 15s 823ms | G5: 2m 9s 973ms | H5: 2m 1s 254ms | I5: Success
A6: chr22 | B6: 200 | C6: cpu+gpu | D6: 3m 58s 717ms | E6: 4m 56s 775ms | F6: 4m 36s 447ms | G6: 4m 4s 609ms | H6: 4m 7s 569ms | I6: Success
A7: chr22 | B7: 500 | C7: cpu+gpu | D7: 4m 26s 775ms | E7: 13m 8s 74ms | F7: 12m 27s 165ms | G7: 9m 56s 482ms | H7: 9m 42s 862ms | I7: Success

Sheet RunTime2
A1: Chromosome | B1: Samples | C1: Mode | D1: Extraction_Time | E1: cpu_t1_time | F1: cpu_t2_time | G1: gpu_dev0_t1_time | H1: gpu_dev0_t2_time | I1: Notes
A2: chr22 | B2: 10 | C2: cpu+gpu | D2: 0s 0ms | E2: 30s 221ms | F2: 28s 263ms | G2: 22s 588ms | H2: 22s 307ms | I2: Success
A3: chr22 | B3: 20 | C3: cpu+gpu | D3: 0s 0ms | E3: 44s 20ms | F3: 35s 39ms | G3: 32s 421ms | H3: 30s 780ms | I3: Success
A4: chr22 | B4: 50 | C4: cpu+gpu | D4: 0s 0ms | E4: 1m 18s 599ms | F4: 1m 14s 160ms | G4: 1m 2s 622ms | H4: 59s 48ms | I4: Success
A5: chr22 | B5: 100 | C5: cpu+gpu | D5: 0s 0ms | E5: 3m 21s 817ms | F5: 2m 30s 385ms | G5: 2m 3s 840ms | H5: 2m 6s 110ms | I5: Success
A6: chr22 | B6: 200 | C6: cpu+gpu | D6: 0s 0ms | E6: 4m 34s 193ms | F6: 4m 37s 941ms | G6: 4m 0s 331ms | H6: 3m 43s 558ms | I6: Success
A7: chr22 | B7: 500 | C7: cpu+gpu | D7: 0m 0s 0ms | E7: 13m 22s 124ms | F7: 12m 56s 723ms | G7: 9m 45s 421ms | H7: 9m 34s 402ms | I7: Success

Sheet RunTime3
A1: Chromosome | B1: Samples | C1: Mode | D1: Extraction_Time | E1: cpu_t1_time | F1: cpu_t2_time | G1: gpu_dev0_t1_time | H1: gpu_dev0_t2_time | I1: Notes
A2: chr22 | B2: 10 | C2: cpu+gpu | D2: 0s 0ms | E2: 24s 612ms | F2: 27s 952ms | G2: 23s 199ms | H2: 20s 699ms | I2: Success
A3: chr22 | B3: 20 | C3: cpu+gpu | D3: 0s 0ms | E3: 40s 478ms | F3: 40s 241ms | G3: 31s 839ms | H3: 30s 241ms | I3: Success
A4: chr22 | B4: 50 | C4: cpu+gpu | D4: 0s 0ms | E4: 1m 13s 821ms | F4: 1m 17s 354ms | G4: 1m 4s 99ms | H4: 1m 2s 187ms | I4: Success
A5: chr22 | B5: 100 | C5: cpu+gpu | D5: 0s 0ms | E5: 2m 39s 110ms | F5: 2m 30s 577ms | G5: 2m 0s 366ms | H5: 1m 52s 998ms | I5: Success
A6: chr22 | B6: 200 | C6: cpu+gpu | D6: 0s 0ms | E6: 4m 39s 279ms | F6: 4m 48s 563ms | G6: 4m 1s 582ms | H6: 3m 47s 316ms | I6: Success
A7: chr22 | B7: 500 | C7: cpu+gpu | D7: 0m 0s 0ms | E7: 13m 0s 564ms | F7: 12m 38s 839ms | G7: 9m 33s 315ms | H7: 9m 47s 4ms | I7: Success

Sheet RunTime4
A1: Chromosome | B1: Samples | C1: Mode | D1: Extraction_Time | E1: cpu_t1_time | F1: cpu_t2_time | G1: gpu_dev0_t1_time | H1: gpu_dev0_t2_time | I1: Notes
A2: chr22 | B2: 10 | C2: cpu+gpu | D2: 0s 0ms | E2: 25s 955ms | F2: 23s 723ms | G2: 22s 967ms | H2: 20s 530ms | I2: Success
A3: chr22 | B3: 20 | C3: cpu+gpu | D3: 0s 0ms | E3: 41s 375ms | F3: 42s 928ms | G3: 30s 660ms | H3: 30s 131ms | I3: Success
A4: chr22 | B4: 50 | C4: cpu+gpu | D4: 0s 0ms | E4: 1m 18s 480ms | F4: 1m 28s 499ms | G4: 1m 1s 666ms | H4: 1m 3s 981ms | I4: Success
A5: chr22 | B5: 100 | C5: cpu+gpu | D5: 0s 0ms | E5: 2m 39s 339ms | F5: 2m 35s 516ms | G5: 2m 2s 200ms | H5: 2m 4s 209ms | I5: Success
A6: chr22 | B6: 200 | C6: cpu+gpu | D6: 0s 0ms | E6: 4m 45s 556ms | F6: 4m 41s 946ms | G6: 3m 53s 477ms | H6: 3m 42s 463ms | I6: Success
A7: chr22 | B7: 500 | C7: cpu+gpu | D7: 0m 0s 0ms | E7: 13m 21s 140ms | F7: 12m 32s 179ms | G7: 9m 46s 496ms | H7: 10m 3s 730ms | I7: Success

Sheet Combined
A1: Chromosome | B1: Samples | C1: Mode | D1: Extraction_Time | E1: cpu_t1_time | F1: cpu_t2_time | G1: gpu_dev0_t1_time | H1: gpu_dev0_t2_time | I1: cpu_t2 vs cpu_t1 | J1: speedup_gpu_t2_vs_cpu_t2 | K1: speedup_gpu_t1_vs_cpu_t1 | L1: speedup_gpu_t1_vs_cpu_t2 | M1: speedup_gpu_t2_vs_cpu_t1 | N1: Notes
A2: chr22 | B2: 10 | C2: cpu+gpu | D2: 0s 0ms | E2: =TEXT(AVERAGE(ParseTime(RunTime1!E2),ParseTime(RunTime2!E2),ParseTime(RunTime3!E2),ParseTime(RunTime4!E2))/86400,"mm""m ""ss.00""s""") & " ± " & TEXT(_xlfn.STDEV.S(ParseTime(RunTime1!E2),ParseTime(RunTime2!E2),ParseTime(RunTime3!E2),ParseTime(RunTime4!E2))/86400,"mm""m ""ss.00""s""") -> 00m 27.31s ± 00m 02.51s | F2: =TEXT(AVERAGE(ParseTime(RunTime1!F2),ParseTime(RunTime2!F2),ParseTime(RunTime3!F2),ParseTime(RunTime4!F2))/86400,"mm""m ""ss.00""s""") & " ± " & TEXT(_xlfn.STDEV.S(ParseTime(RunTime1!F2),ParseTime(RunTime2!F2),ParseTime(RunTime3!F2),ParseTime(RunTime4!F2))/86400,"mm""m ""ss.00""s""") -> 00m 26.59s ± 00m 02.07s | G2: =TEXT(AVERAGE(ParseTime(RunTime1!G2),ParseTime(RunTime2!G2),ParseTime(RunTime3!G2),ParseTime(RunTime4!G2))/86400,"mm""m ""ss.00""s""") & " ± " & TEXT(_xlfn.STDEV.S(ParseTime(RunTime1!G2),ParseTime(RunTime2!G2),ParseTime(RunTime3!G2),ParseTime(RunTime4!G2))/86400,"mm""m ""ss.00""s""") -> 00m 22.86s ± 00m 00.28s | H2: =TEXT(AVERAGE(ParseTime(RunTime1!H2),ParseTime(RunTime2!H2),ParseTime(RunTime3!H2),ParseTime(RunTime4!H2))/86400,"mm""m ""ss.00""s""") & " ± " & TEXT(_xlfn.STDEV.S(ParseTime(RunTime1!H2),ParseTime(RunTime2!H2),ParseTime(RunTime3!H2),ParseTime(RunTime4!H2))/86400,"mm""m ""ss.00""s""") -> 00m 20.91s ± 00m 00.97s | I2: =AVERAGE(ParseTime(RunTime1!E2),ParseTime(RunTime2!E2),ParseTime(RunTime3!E2),ParseTime(RunTime4!E2))/AVERAGE(ParseTime(RunTime1!F2),ParseTime(RunTime2!F2),ParseTime(RunTime3!F2),ParseTime(RunTime4!F2)) -> 1.0268573 | J2: =AVERAGE(ParseTime(RunTime1!F2),ParseTime(RunTime2!F2),ParseTime(RunTime3!F2),ParseTime(RunTime4!F2))/AVERAGE(ParseTime(RunTime1!H2),ParseTime(RunTime2!H2),ParseTime(RunTime3!H2),ParseTime(RunTime4!H2)) -> 1.2721478 | K2: =AVERAGE(ParseTime(RunTime1!E2),ParseTime(RunTime2!E2),ParseTime(RunTime3!E2),ParseTime(RunTime4!E2))/AVERAGE(ParseTime(RunTime1!G2),ParseTime(RunTime2!G2),ParseTime(RunTime3!G2),ParseTime(RunTime4!G2)) -> 1.1947674 | L2: =AVERAGE(ParseTime(RunTime1!F2),ParseTime(RunTime2!F2),ParseTime(RunTime3!F2),ParseTime(RunTime4!F2))/AVERAGE(ParseTime(RunTime1!G2),ParseTime(RunTime2!G2),ParseTime(RunTime3!G2),ParseTime(RunTime4!G2)) -> 1.1635184 | M2: =AVERAGE(ParseTime(RunTime1!E2),ParseTime(RunTime2!E2),ParseTime(RunTime3!E2),ParseTime(RunTime4!E2))/AVERAGE(ParseTime(RunTime1!H2),ParseTime(RunTime2!H2),ParseTime(RunTime3!H2),ParseTime(RunTime4!H2)) -> 1.3063143 | N2: Success
A3: chr22 | B3: 20 | C3: cpu+gpu | D3: 0s 0ms | E3: =TEXT(AVERAGE(ParseTime(RunTime1!E3),ParseTime(RunTime2!E3),ParseTime(RunTime3!E3),ParseTime(RunTime4!E3))/86400,"mm""m ""ss.00""s""") & " ± " & TEXT(_xlfn.STDEV.S(ParseTime(RunTime1!E3),ParseTime(RunTime2!E3),ParseTime(RunTime3!E3),ParseTime(RunTime4!E3))/86400,"mm""m ""ss.00""s""") -> 00m 42.35s ± 00m 01.69s | F3: =TEXT(AVERAGE(ParseTime(RunTime1!F3),ParseTime(RunTime2!F3),ParseTime(RunTime3!F3),ParseTime(RunTime4!F3))/86400,"mm""m ""ss.00""s""") & " ± " & TEXT(_xlfn.STDEV.S(ParseTime(RunTime1!F3),ParseTime(RunTime2!F3),ParseTime(RunTime3!F3),ParseTime(RunTime4!F3))/86400,"mm""m ""ss.00""s""") -> 00m 39.03s ± 00m 03.36s | G3: =TEXT(AVERAGE(ParseTime(RunTime1!G3),ParseTime(RunTime2!G3),ParseTime(RunTime3!G3),ParseTime(RunTime4!G3))/86400,"mm""m ""ss.00""s""") & " ± " & TEXT(_xlfn.STDEV.S(ParseTime(RunTime1!G3),ParseTime(RunTime2!G3),ParseTime(RunTime3!G3),ParseTime(RunTime4!G3))/86400,"mm""m ""ss.00""s""") -> 00m 31.25s ± 00m 01.06s | H3: =TEXT(AVERAGE(ParseTime(RunTime1!H3),ParseTime(RunTime2!H3),ParseTime(RunTime3!H3),ParseTime(RunTime4!H3))/86400,"mm""m ""ss.00""s""") & " ± " & TEXT(_xlfn.STDEV.S(ParseTime(RunTime1!H3),ParseTime(RunTime2!H3),ParseTime(RunTime3!H3),ParseTime(RunTime4!H3))/86400,"mm""m ""ss.00""s""") -> 00m 30.24s ± 00m 00.40s | I3: =AVERAGE(ParseTime(RunTime1!E3),ParseTime(RunTime2!E3),ParseTime(RunTime3!E3),ParseTime(RunTime4!E3)) / AVERAGE(ParseTime(RunTime1!F3),ParseTime(RunTime2!F3),ParseTime(RunTime3!F3),ParseTime(RunTime4!F3)) -> 1.0849228 | J3: =AVERAGE(ParseTime(RunTime1!F3),ParseTime(RunTime2!F3),ParseTime(RunTime3!F3),ParseTime(RunTime4!F3))/AVERAGE(ParseTime(RunTime1!H3),ParseTime(RunTime2!H3),ParseTime(RunTime3!H3),ParseTime(RunTime4!H3)) -> 1.2907466 | K3: =AVERAGE(ParseTime(RunTime1!E3),ParseTime(RunTime2!E3),ParseTime(RunTime3!E3),ParseTime(RunTime4!E3))/AVERAGE(ParseTime(RunTime1!G3),ParseTime(RunTime2!G3),ParseTime(RunTime3!G3),ParseTime(RunTime4!G3)) -> 1.3549061 | L3: =AVERAGE(ParseTime(RunTime1!F3),ParseTime(RunTime2!F3),ParseTime(RunTime3!F3),ParseTime(RunTime4!F3))/AVERAGE(ParseTime(RunTime1!G3),ParseTime(RunTime2!G3),ParseTime(RunTime3!G3),ParseTime(RunTime4!G3)) -> 1.2488502 | M3: =AVERAGE(ParseTime(RunTime1!E3),ParseTime(RunTime2!E3),ParseTime(RunTime3!E3),ParseTime(RunTime4!E3))/AVERAGE(ParseTime(RunTime1!H3),ParseTime(RunTime2!H3),ParseTime(RunTime3!H3),ParseTime(RunTime4!H3)) -> 1.4003604 | N3: Success
A4: chr22 | B4: 50 | C4: cpu+gpu | D4: 0s 0ms | E4: =TEXT(AVERAGE(ParseTime(RunTime1!E4),ParseTime(RunTime2!E4),ParseTime(RunTime3!E4),ParseTime(RunTime4!E4))/86400,"mm""m ""ss.00""s""") & " ± " & TEXT(_xlfn.STDEV.S(ParseTime(RunTime1!E4),ParseTime(RunTime2!E4),ParseTime(RunTime3!E4),ParseTime(RunTime4!E4))/86400,"mm""m ""ss.00""s""") -> 01m 16.47s ± 00m 02.43s | F4: =TEXT(AVERAGE(ParseTime(RunTime1!F4),ParseTime(RunTime2!F4),ParseTime(RunTime3!F4),ParseTime(RunTime4!F4))/86400,"mm""m ""ss.00""s""") & " ± " & TEXT(_xlfn.STDEV.S(ParseTime(RunTime1!F4),ParseTime(RunTime2!F4),ParseTime(RunTime3!F4),ParseTime(RunTime4!F4))/86400,"mm""m ""ss.00""s""") -> 01m 19.41s ± 00m 06.26s | G4: =TEXT(AVERAGE(ParseTime(RunTime1!G4),ParseTime(RunTime2!G4),ParseTime(RunTime3!G4),ParseTime(RunTime4!G4))/86400,"mm""m ""ss.00""s""") & " ± " & TEXT(_xlfn.STDEV.S(ParseTime(RunTime1!G4),ParseTime(RunTime2!G4),ParseTime(RunTime3!G4),ParseTime(RunTime4!G4))/86400,"mm""m ""ss.00""s""") -> 01m 03.16s ± 00m 01.24s | H4: =TEXT(AVERAGE(ParseTime(RunTime1!H4),ParseTime(RunTime2!H4),ParseTime(RunTime3!H4),ParseTime(RunTime4!H4))/86400,"mm""m ""ss.00""s""") & " ± " & TEXT(_xlfn.STDEV.S(ParseTime(RunTime1!H4),ParseTime(RunTime2!H4),ParseTime(RunTime3!H4),ParseTime(RunTime4!H4))/86400,"mm""m ""ss.00""s""") -> 01m 01.89s ± 00m 02.06s | I4: =AVERAGE(ParseTime(RunTime1!E4),ParseTime(RunTime2!E4),ParseTime(RunTime3!E4),ParseTime(RunTime4!E4)) / AVERAGE(ParseTime(RunTime1!F4),ParseTime(RunTime2!F4),ParseTime(RunTime3!F4),ParseTime(RunTime4!F4)) -> 0.96305147 | J4: =AVERAGE(ParseTime(RunTime1!F4),ParseTime(RunTime2!F4),ParseTime(RunTime3!F4),ParseTime(RunTime4!F4))/AVERAGE(ParseTime(RunTime1!H4),ParseTime(RunTime2!H4),ParseTime(RunTime3!H4),ParseTime(RunTime4!H4)) -> 1.2829947 | K4: =AVERAGE(ParseTime(RunTime1!E4),ParseTime(RunTime2!E4),ParseTime(RunTime3!E4),ParseTime(RunTime4!E4))/AVERAGE(ParseTime(RunTime1!G4),ParseTime(RunTime2!G4),ParseTime(RunTime3!G4),ParseTime(RunTime4!G4)) -> 1.2107605 | L4: =AVERAGE(ParseTime(RunTime1!F4),ParseTime(RunTime2!F4),ParseTime(RunTime3!F4),ParseTime(RunTime4!F4))/AVERAGE(ParseTime(RunTime1!G4),ParseTime(RunTime2!G4),ParseTime(RunTime3!G4),ParseTime(RunTime4!G4)) -> 1.2572126 | M4: =AVERAGE(ParseTime(RunTime1!E4),ParseTime(RunTime2!E4),ParseTime(RunTime3!E4),ParseTime(RunTime4!E4))/AVERAGE(ParseTime(RunTime1!H4),ParseTime(RunTime2!H4),ParseTime(RunTime3!H4),ParseTime(RunTime4!H4)) -> 1.2355899 | N4: Success
A5: chr22 | B5: 100 | C5: cpu+gpu | D5: 0s 0ms | E5: =TEXT(AVERAGE(ParseTime(RunTime1!E5),ParseTime(RunTime2!E5),ParseTime(RunTime3!E5),ParseTime(RunTime4!E5))/86400,"mm""m ""ss.00""s""") & " ± " & TEXT(_xlfn.STDEV.S(ParseTime(RunTime1!E5),ParseTime(RunTime2!E5),ParseTime(RunTime3!E5),ParseTime(RunTime4!E5))/86400,"mm""m ""ss.00""s""") -> 02m 59.49s ± 00m 23.46s | F5: =TEXT(AVERAGE(ParseTime(RunTime1!F5),ParseTime(RunTime2!F5),ParseTime(RunTime3!F5),ParseTime(RunTime4!F5))/86400,"mm""m ""ss.00""s""") & " ± " & TEXT(_xlfn.STDEV.S(ParseTime(RunTime1!F5),ParseTime(RunTime2!F5),ParseTime(RunTime3!F5),ParseTime(RunTime4!F5))/86400,"mm""m ""ss.00""s""") -> 02m 28.08s ± 00m 08.51s | G5: =TEXT(AVERAGE(ParseTime(RunTime1!G5),ParseTime(RunTime2!G5),ParseTime(RunTime3!G5),ParseTime(RunTime4!G5))/86400,"mm""m ""ss.00""s""") & " ± " & TEXT(_xlfn.STDEV.S(ParseTime(RunTime1!G5),ParseTime(RunTime2!G5),ParseTime(RunTime3!G5),ParseTime(RunTime4!G5))/86400,"mm""m ""ss.00""s""") -> 02m 04.09s ± 00m 04.17s | H5: =TEXT(AVERAGE(ParseTime(RunTime1!H5),ParseTime(RunTime2!H5),ParseTime(RunTime3!H5),ParseTime(RunTime4!H5))/86400,"mm""m ""ss.00""s""") & " ± " & TEXT(_xlfn.STDEV.S(ParseTime(RunTime1!H5),ParseTime(RunTime2!H5),ParseTime(RunTime3!H5),ParseTime(RunTime4!H5))/86400,"mm""m ""ss.00""s""") -> 02m 01.14s ± 00m 05.79s | I5: =AVERAGE(ParseTime(RunTime1!E5),ParseTime(RunTime2!E5),ParseTime(RunTime3!E5),ParseTime(RunTime4!E5)) / AVERAGE(ParseTime(RunTime1!F5),ParseTime(RunTime2!F5),ParseTime(RunTime3!F5),ParseTime(RunTime4!F5)) -> 1.2121337 | J5: =AVERAGE(ParseTime(RunTime1!F5),ParseTime(RunTime2!F5),ParseTime(RunTime3!F5),ParseTime(RunTime4!F5))/AVERAGE(ParseTime(RunTime1!H5),ParseTime(RunTime2!H5),ParseTime(RunTime3!H5),ParseTime(RunTime4!H5)) -> 1.2223204 | K5: =AVERAGE(ParseTime(RunTime1!E5),ParseTime(RunTime2!E5),ParseTime(RunTime3!E5),ParseTime(RunTime4!E5))/AVERAGE(ParseTime(RunTime1!G5),ParseTime(RunTime2!G5),ParseTime(RunTime3!G5),ParseTime(RunTime4!G5)) -> 1.4463706 | L5: =AVERAGE(ParseTime(RunTime1!F5),ParseTime(RunTime2!F5),ParseTime(RunTime3!F5),ParseTime(RunTime4!F5))/AVERAGE(ParseTime(RunTime1!G5),ParseTime(RunTime2!G5),ParseTime(RunTime3!G5),ParseTime(RunTime4!G5)) -> 1.1932435 | M5: =AVERAGE(ParseTime(RunTime1!E5),ParseTime(RunTime2!E5),ParseTime(RunTime3!E5),ParseTime(RunTime4!E5))/AVERAGE(ParseTime(RunTime1!H5),ParseTime(RunTime2!H5),ParseTime(RunTime3!H5),ParseTime(RunTime4!H5)) -> 1.4816157 | N5: Success
A6: chr22 | B6: 200 | C6: cpu+gpu | D6: 0s 0ms | E6: =TEXT(AVERAGE(ParseTime(RunTime1!E6),ParseTime(RunTime2!E6),ParseTime(RunTime3!E6),ParseTime(RunTime4!E6))/86400,"mm""m ""ss.00""s""") & " ± " & TEXT(_xlfn.STDEV.S(ParseTime(RunTime1!E6),ParseTime(RunTime2!E6),ParseTime(RunTime3!E6),ParseTime(RunTime4!E6))/86400,"mm""m ""ss.00""s""") -> 04m 43.95s ± 00m 09.73s | F6: =TEXT(AVERAGE(ParseTime(RunTime1!F6),ParseTime(RunTime2!F6),ParseTime(RunTime3!F6),ParseTime(RunTime4!F6))/86400,"mm""m ""ss.00""s""") & " ± " & TEXT(_xlfn.STDEV.S(ParseTime(RunTime1!F6),ParseTime(RunTime2!F6),ParseTime(RunTime3!F6),ParseTime(RunTime4!F6))/86400,"mm""m ""ss.00""s""") -> 04m 41.22s ± 00m 05.42s | G6: =TEXT(AVERAGE(ParseTime(RunTime1!G6),ParseTime(RunTime2!G6),ParseTime(RunTime3!G6),ParseTime(RunTime4!G6))/86400,"mm""m ""ss.00""s""") & " ± " & TEXT(_xlfn.STDEV.S(ParseTime(RunTime1!G6),ParseTime(RunTime2!G6),ParseTime(RunTime3!G6),ParseTime(RunTime4!G6))/86400,"mm""m ""ss.00""s""") -> 04m 00.00s ± 00m 04.70s | H6: =TEXT(AVERAGE(ParseTime(RunTime1!H6),ParseTime(RunTime2!H6),ParseTime(RunTime3!H6),ParseTime(RunTime4!H6))/86400,"mm""m ""ss.00""s""") & " ± " & TEXT(_xlfn.STDEV.S(ParseTime(RunTime1!H6),ParseTime(RunTime2!H6),ParseTime(RunTime3!H6),ParseTime(RunTime4!H6))/86400,"mm""m ""ss.00""s""") -> 03m 50.23s ± 00m 11.75s | I6: =AVERAGE(ParseTime(RunTime1!E6),ParseTime(RunTime2!E6),ParseTime(RunTime3!E6),ParseTime(RunTime4!E6)) / AVERAGE(ParseTime(RunTime1!F6),ParseTime(RunTime2!F6),ParseTime(RunTime3!F6),ParseTime(RunTime4!F6)) -> 1.0096951 | J6: =AVERAGE(ParseTime(RunTime1!F6),ParseTime(RunTime2!F6),ParseTime(RunTime3!F6),ParseTime(RunTime4!F6))/AVERAGE(ParseTime(RunTime1!H6),ParseTime(RunTime2!H6),ParseTime(RunTime3!H6),ParseTime(RunTime4!H6)) -> 1.2215112 | K6: =AVERAGE(ParseTime(RunTime1!E6),ParseTime(RunTime2!E6),ParseTime(RunTime3!E6),ParseTime(RunTime4!E6))/AVERAGE(ParseTime(RunTime1!G6),ParseTime(RunTime2!G6),ParseTime(RunTime3!G6),ParseTime(RunTime4!G6)) -> 1.1831294 | L6: =AVERAGE(ParseTime(RunTime1!F6),ParseTime(RunTime2!F6),ParseTime(RunTime3!F6),ParseTime(RunTime4!F6))/AVERAGE(ParseTime(RunTime1!G6),ParseTime(RunTime2!G6),ParseTime(RunTime3!G6),ParseTime(RunTime4!G6)) -> 1.1717689 | M6: =AVERAGE(ParseTime(RunTime1!E6),ParseTime(RunTime2!E6),ParseTime(RunTime3!E6),ParseTime(RunTime4!E6))/AVERAGE(ParseTime(RunTime1!H6),ParseTime(RunTime2!H6),ParseTime(RunTime3!H6),ParseTime(RunTime4!H6)) -> 1.2333539 | N6: Success
A7: chr22 | B7: 500 | C7: cpu+gpu | D7: 0m 0s 0ms | E7: =TEXT(AVERAGE(ParseTime(RunTime1!E7),ParseTime(RunTime2!E7),ParseTime(RunTime3!E7),ParseTime(RunTime4!E7))/86400,"mm""m ""ss.00""s""") & " ± " & TEXT(_xlfn.STDEV.S(ParseTime(RunTime1!E7),ParseTime(RunTime2!E7),ParseTime(RunTime3!E7),ParseTime(RunTime4!E7))/86400,"mm""m ""ss.00""s""") -> 13m 12.98s ± 00m 10.46s | F7: =TEXT(AVERAGE(ParseTime(RunTime1!F7),ParseTime(RunTime2!F7),ParseTime(RunTime3!F7),ParseTime(RunTime4!F7))/86400,"mm""m ""ss.00""s""") & " ± " & TEXT(_xlfn.STDEV.S(ParseTime(RunTime1!F7),ParseTime(RunTime2!F7),ParseTime(RunTime3!F7),ParseTime(RunTime4!F7))/86400,"mm""m ""ss.00""s""") -> 12m 38.73s ± 00m 12.92s | G7: =TEXT(AVERAGE(ParseTime(RunTime1!G7),ParseTime(RunTime2!G7),ParseTime(RunTime3!G7),ParseTime(RunTime4!G7))/86400,"mm""m ""ss.00""s""") & " ± " & TEXT(_xlfn.STDEV.S(ParseTime(RunTime1!G7),ParseTime(RunTime2!G7),ParseTime(RunTime3!G7),ParseTime(RunTime4!G7))/86400,"mm""m ""ss.00""s""") -> 09m 45.43s ± 00m 09.49s | H7: =TEXT(AVERAGE(ParseTime(RunTime1!H7),ParseTime(RunTime2!H7),ParseTime(RunTime3!H7),ParseTime(RunTime4!H7))/86400,"mm""m ""ss.00""s""") & " ± " & TEXT(_xlfn.STDEV.S(ParseTime(RunTime1!H7),ParseTime(RunTime2!H7),ParseTime(RunTime3!H7),ParseTime(RunTime4!H7))/86400,"mm""m ""ss.00""s""") -> 09m 47.00s ± 00m 12.33s | I7: =AVERAGE(ParseTime(RunTime1!E7),ParseTime(RunTime2!E7),ParseTime(RunTime3!E7),ParseTime(RunTime4!E7)) / AVERAGE(ParseTime(RunTime1!F7),ParseTime(RunTime2!F7),ParseTime(RunTime3!F7),ParseTime(RunTime4!F7)) -> 1.0451401 | J7: =AVERAGE(ParseTime(RunTime1!F7),ParseTime(RunTime2!F7),ParseTime(RunTime3!F7),ParseTime(RunTime4!F7))/AVERAGE(ParseTime(RunTime1!H7),ParseTime(RunTime2!H7),ParseTime(RunTime3!H7),ParseTime(RunTime4!H7)) -> 1.2925505 | K7: =AVERAGE(ParseTime(RunTime1!E7),ParseTime(RunTime2!E7),ParseTime(RunTime3!E7),ParseTime(RunTime4!E7))/AVERAGE(ParseTime(RunTime1!G7),ParseTime(RunTime2!G7),ParseTime(RunTime3!G7),ParseTime(RunTime4!G7)) -> 1.3545215 | L7: =AVERAGE(ParseTime(RunTime1!F7),ParseTime(RunTime2!F7),ParseTime(RunTime3!F7),ParseTime(RunTime4!F7))/AVERAGE(ParseTime(RunTime1!G7),ParseTime(RunTime2!G7),ParseTime(RunTime3!G7),ParseTime(RunTime4!G7)) -> 1.2960191 | M7: =AVERAGE(ParseTime(RunTime1!E7),ParseTime(RunTime2!E7),ParseTime(RunTime3!E7),ParseTime(RunTime4!E7))/AVERAGE(ParseTime(RunTime1!H7),ParseTime(RunTime2!H7),ParseTime(RunTime3!H7),ParseTime(RunTime4!H7)) -> 1.3508964 | N7: Success
